{
  "best_epoch": 20,
  "best_val_micro_f1": 0.5306122448979592,
  "best_val_macro_f1": 0.4864754856550518,
  "tuned_val_micro_f1": 0.5656934306569343,
  "tuned_val_macro_f1": 0.5289866904692657,
  "thresholds": [
    0.15000000000000002,
    0.35000000000000003,
    0.6000000000000001,
    0.4,
    0.7500000000000001,
    0.8500000000000001,
    0.6000000000000001,
    0.8500000000000001,
    0.25,
    0.7000000000000001,
    0.35000000000000003,
    0.6000000000000001,
    0.6500000000000001,
    0.15000000000000002
  ],
  "config": {
    "epochs": 20,
    "batch_size": 32,
    "learning_rate": 0.0007,
    "weight_decay": 0.01,
    "warmup_ratio": 0.2,
    "seed": 42,
    "weighted_bce": true,
    "processed_dir": "model/processed/temporal"
  }
}